{
"title": "Bio-Konsum der Schweizer Bevölkerung",
"description": "Die App visualisiert Daten des Bundesamtes für Landwirtschaft zum Biokonsum der Schweizer Bevölkerung anhand eines Bubble Chart-Diagramms. Die Daten können nach verschiedenen Produkten und Vergleichsgruppen gefiltert werden und zeigen den prozentualen Bioanteil der konsumierten Güter der Schweizer Bevölkerung.",
"authors": [
    {"name": "Anushan Nallathamby", "email": "anushan.nallathamby@students.unibe.ch"},
    {"name": "Jan Schwob", "email": "jan.schwob@students.unibe.ch"}
],
"date": "2020-05-28",
"category": "environment",
"software_license": "GPL 2.0"
}
